NAME,POS,TEAM,DEPTH,Week 1,Week 2,Week 3,Week 4,Week 5,Week 6,Week 7,Week 8,Week 9,Week 10,Week 11,Week 12,Week 13,Week 14,Week 15,Week 16,Week 17,Week 18,Total,Avg,TM SNAP %,TD
"Anthony Brown","QB","BAL",3,"","","","","","","","","","","","","",23,"","","",78,101,50,33,
"Joshua Dobbs","QB","TEN",2,"","","","","","","","","","","","","","","","",65,74,139,69,13.2,
"Dallas Goedert","TE","PHI",1,71,61,45,74,70,70,"",42,59,50,"","","","","",67,53,73,735,61,90,3
"DeVonta Smith","WR","PHI",1,74,72,62,71,72,63,"",42,58,43,64,74,63,62,70,66,54,73,1083,63,91.9,7
"Jalen Hurts","QB","PHI",1,77,73,70,82,73,71,"",46,65,50,68,80,64,63,73,"","",73,1028,68,87.2,
"Kenny Pickett","QB","PIT",1,"","","",32,75,37,75,76,"",84,73,69,65,8,"",68,70,73,805,61,69.4,
"Sam Ehlinger","QB","IND",3,"","","","","","","",58,62,"","","","","","","",29,73,222,55,19.3,
"Michael Pittman Jr.","WR","IND",1,90,"",67,59,78,80,64,55,56,63,64,64,67,"",77,52,57,72,1065,66,92.5,4
"Geno Smith","QB","SEA",1,55,49,71,70,52,68,71,64,73,52,"",65,67,54,64,76,72,70,1093,64,100,
"Jarrett Stidham","QB","OAK",2,"","","","","","",1,14,"","","",1,"","","","",70,70,156,31,14.2,
"Isaiah Likely","TE","BAL",2,25,21,20,26,15,13,7,51,52,"",22,"",19,16,28,13,17,69,414,25,37.8,3
"Hunter Henry","TE","NE",1,44,34,46,49,59,68,44,50,42,"",53,39,47,39,52,3,60,68,797,46,75.8,2
"Mac Jones","QB","NE",1,57,68,66,"","","",18,78,63,"",63,55,54,59,65,56,60,68,830,59,78.9,
"Parris Campbell","WR","IND",1,71,43,58,44,73,81,63,46,51,52,52,56,56,"",65,46,56,67,980,57,85.1,3
"Joe Burrow","QB","CIN",1,100,70,68,64,63,57,68,53,58,"",66,70,72,67,66,83,"",66,1091,68,98.6,
"Mack Hollins","WR","OAK",1,51,58,68,72,61,"",56,53,50,67,66,74,60,58,60,50,60,66,1030,60,93.5,4
"Sam Howell","QB","WAS",1,"","","","","","","","","","","","","","","","","",66,66,66,5.5,
"Russell Wilson","QB","DEN",1,66,72,74,53,73,58,"",61,"",80,64,60,53,62,"",50,70,65,961,64,84.6,
"Skylar Thompson","QB","MIA",3,"","","","",66,24,"","","",7,"",21,1,"","","",27,65,211,30,20,
"Desmond Ridder","QB","ATL",1,"","","","","","","","","","","","","","",74,71,62,64,271,67,25.8,
"Robert Woods","WR","TEN",1,46,37,42,41,54,"",44,38,32,50,50,46,51,58,50,58,48,64,809,47,78.2,2
"Davante Adams","WR","OAK",1,55,65,70,71,64,"",54,42,56,65,65,77,59,58,67,51,62,63,1044,61,94.7,14
"Deshaun Watson","QB","CLE",1,"","","","","","","","","","","","",62,71,65,70,56,63,387,64,98.7,
"Davis Webb","QB","NYG","","","","","","","","","","","","","","","","","","",63,63,63,33.7,
"Jerry Jeudy","WR","DEN",1,59,10,44,47,61,53,70,52,"",1,"","",20,60,51,60,62,63,713,47,62.8,6
"Kenny Golladay","WR","NYG","",46,2,24,27,"","","","","",26,33,19,"",11,1,2,7,63,261,21,23,1
"Ja'Marr Chase","WR","CIN",1,100,67,59,60,63,56,63,"","","","","",59,63,60,81,"",62,793,66,71.6,9
"Jared Goff","QB","DET",1,69,61,78,74,66,"",59,60,62,62,67,71,74,70,68,66,64,62,1133,66,99.2,
"Baker Mayfield","QB","LAR",1,53,58,61,52,60,"","","",31,"",57,"","",61,45,61,49,61,649,54,65.6,
"Cam Akers","RB","LAR",1,12,27,24,28,20,"","","",11,10,25,16,46,27,34,49,38,61,428,28,41.8,
"Courtland Sutton","WR","DEN",1,63,66,64,50,68,58,72,58,"",74,59,56,23,"","",53,57,61,882,58,77.6,2
"Dak Prescott","QB","DAL",1,53,"","","","","",63,58,"",83,64,75,65,71,75,73,80,61,821,68,70.7,
"Jakobi Meyers","WR","NE",1,50,56,"","",48,57,52,63,51,"",60,16,31,"",40,56,49,61,690,49,65.6,6
"Kenneth Walker III","RB","SEA",1,"",12,9,25,30,47,52,49,56,45,"",46,14,"",48,40,41,61,575,38,52.6,
"Lawrence Cager","TE","NYG",3,10,"","","","","","",12,"",45,56,28,"","",1,"","",61,213,30,20.8,1
"Aaron Rodgers","QB","GB",1,56,68,62,73,63,69,54,66,74,64,61,39,66,"",71,66,56,60,1068,62,97.6,
"Diontae Johnson","WR","PIT",1,51,51,58,57,70,61,70,72,"",77,70,66,53,52,50,60,64,60,1042,61,89.8,
"Michael Gallup","WR","DAL",1,"","","",39,30,51,42,49,"",69,45,57,45,54,68,61,68,60,738,52,63.5,4
"Marcus Johnson","WR","NYG","","","","",1,47,40,61,56,"",4,4,7,10,6,2,3,11,60,312,22,33.5,
"Brandin Cooks","WR","HOU",1,64,55,51,45,45,"",58,44,"",41,45,45,"","","",51,54,59,657,50,61.8,3
"Chris Moore","WR","HOU","",34,41,31,32,"","",36,34,44,34,33,36,36,53,55,61,59,59,678,42,63.8,2
"Davis Mills","QB","HOU",1,68,60,59,57,58,"",65,54,60,64,56,"","",33,52,52,58,59,855,57,80.4,
"David Njoku","TE","CLE",1,71,63,63,67,57,56,37,"","","",28,64,"",69,62,68,53,59,817,58,69.6,4
"Donovan Peoples-Jones","WR","CLE",1,66,52,63,61,59,61,56,69,"",59,74,76,60,72,51,68,49,59,1055,62,89.9,3
"Josh Allen","QB","BUF",1,59,52,92,64,48,73,"",59,62,75,65,77,75,59,78,64,"",59,1061,66,97.8,
"Sam Darnold","QB","CAR",3,"","","","","","","","","","","",66,"",72,46,68,66,59,377,62,75.4,
"Van Jefferson","WR","LAR",2,"","","","","","","",31,20,17,47,47,64,62,44,61,46,59,498,45,64.6,3
"A.J. Brown","WR","PHI",1,67,64,56,70,54,61,"",39,56,39,60,77,60,58,65,65,55,58,1004,59,85.2,11
"Amari Cooper","WR","CLE",1,66,54,59,62,60,53,57,57,"",58,63,73,51,62,48,62,35,58,978,57,83.3,9
"CeeDee Lamb","WR","DAL",1,67,58,61,58,51,62,52,49,"",75,47,60,49,68,70,62,68,58,1015,59,87.3,9
"DK Metcalf","WR","SEA",1,45,45,66,53,50,55,20,40,59,47,"",59,58,49,61,69,59,58,893,52,81.7,6
"Dalton Schultz","TE","DAL",1,69,55,"",55,10,"",41,41,"",63,46,63,49,66,73,63,65,58,817,54,70.3,5
"Tutu Atwell","WR","LAR",2,7,2,3,"",9,2,"","","","",7,28,30,39,38,45,41,57,308,23,30.1,1
"Derrick Henry","RB","TEN",1,44,26,43,37,41,"",44,43,30,36,47,32,30,50,44,45,"",56,648,40,62.6,
"DeVante Parker","WR","NE",1,57,52,64,56,31,55,48,1,"","",25,47,47,6,"","","",56,545,41,51.8,3
"Joe Flacco","QB","NYJ","",84,70,78,"","","","","","","","","","",7,"","","",56,295,59,26.5,
"Treylon Burks","WR","TEN",1,24,25,40,35,"","","","","",35,33,38,10,"","",50,47,56,393,35,48.9,1
"Tee Higgins","WR","CIN",1,26,62,46,49,10,49,57,52,46,"",52,58,67,1,53,73,"",56,757,47,68.4,7
"Colby Parkinson","TE","SEA",3,20,14,26,25,15,24,27,23,29,14,"",16,24,17,25,31,58,55,443,26,40.5,2
"Justin Herbert","QB","LAC",1,67,74,61,70,71,93,71,"",69,55,65,66,75,80,71,68,51,55,1162,68,97.5,
"K.J. Osborn","WR","MIN",1,42,47,54,61,65,31,"",57,53,65,42,39,45,48,73,50,46,55,873,51,74.7,5
"Nick Vannett","TE","NYG","","","",5,"","","",22,37,"","","","",30,28,10,5,15,55,207,23,20.1,
"Tyler Lockett","WR","SEA",1,44,45,58,55,50,55,46,44,54,47,"",57,59,50,57,"",23,55,799,49,73.1,9
"Terrace Marshall Jr.","WR","CAR",1,"",6,"","",26,20,43,74,45,59,53,41,"",61,41,63,58,55,645,46,63.5,1
"Allen Lazard","WR","GB",1,"",55,56,70,59,71,32,"",65,63,56,49,62,"",67,59,45,54,863,57,78.9,6
"DJ Moore","WR","CAR",1,53,56,60,50,64,44,50,77,48,59,56,64,"",69,44,65,65,54,978,57,96.3,7
"Joshua Palmer","WR","LAC",1,50,68,57,39,52,81,"","",63,55,60,63,70,63,46,40,37,54,898,56,75.3,3
"Tyler Conklin","TE","NYJ",1,77,70,62,57,40,37,44,44,43,"",37,50,61,53,47,42,43,54,861,50,77.3,3
"Tyler Higbee","TE","LAR",1,63,61,45,69,63,51,"",40,45,48,59,32,54,61,40,59,44,54,888,52,86.8,3
"Amon-Ra St. Brown","WR","DET",1,61,52,57,"",21,"",10,57,60,50,60,62,66,61,57,55,50,53,832,52,72.9,6
"Christian Watson","WR","GB",1,40,22,"",18,18,"","",6,17,54,49,45,61,"",62,25,38,52,507,36,46.3,7
"Keenan Allen","WR","LAC",1,22,"","","","","",23,"","","",44,59,72,69,63,57,54,52,515,51,43.2,4
"Patrick Mahomes","QB","KC",1,65,57,63,80,72,67,58,"",100,63,65,76,55,68,77,53,60,52,1131,66,98.4,
"Andy Dalton","QB","NO",1,"","","",57,68,63,71,54,46,43,40,49,52,"",47,39,56,51,736,52,70,
"Brock Purdy","QB","SF",1,"","","","",1,"",10,"","","",7,"",76,52,64,52,67,51,380,42,34.5,
"Kenyan Drake","RB","BAL","",33,15,"","",27,34,17,44,46,"",35,18,34,11,"","","",51,365,30,33.3,1
"Josh Jacobs","RB","OAK",1,35,48,45,67,52,"",45,32,41,55,53,61,46,50,51,43,47,50,821,48,74.5,
"Rashid Shaheed","WR","NO",1,"","","","","",9,10,15,5,6,28,30,36,"",39,23,47,50,298,24,41.6,2
"Terry McLaurin","WR","WAS",1,69,66,68,70,62,56,70,58,64,71,49,51,77,"",58,68,56,50,1063,62,89.3,5
"Brandon Powell","WR","LAR",2,3,6,6,6,11,25,"",3,5,5,20,26,26,14,8,40,37,49,290,17,28.3,
"Demarcus Robinson","WR","BAL","",25,23,22,39,49,45,15,48,34,"",54,43,55,37,40,28,31,49,637,37,58.1,2
"Garrett Wilson","WR","NYJ",1,41,43,49,54,33,24,43,52,55,"",50,52,78,72,62,57,70,49,884,52,79.4,4
"Jahan Dotson","WR","WAS",1,68,73,67,44,"","","","","",34,45,38,67,"",50,63,53,49,651,54,54.7,7
"Jaylen Waddle","WR","MIA",1,40,57,32,55,51,62,49,52,41,51,"",47,24,43,41,37,54,49,785,46,74.3,8
"Trevor Lawrence","QB","JAX",1,70,71,75,47,75,63,71,72,69,64,"",63,52,72,70,69,44,49,1096,64,97.6,
"Cole Kmet","TE","CHI",1,48,35,58,61,45,67,68,75,72,57,63,57,52,"",59,59,46,48,970,57,93.8,7
"Dawson Knox","TE","BUF",1,51,47,65,48,"",62,"",52,53,61,52,60,63,51,64,48,"",48,825,55,76,6
"Hayden Hurst","TE","CIN",1,75,57,26,36,51,40,42,38,34,"",43,46,9,"","","","",48,545,41,49.2,2
"Nick Chubb","RB","CLE",1,42,36,45,40,35,31,34,37,"",32,41,47,32,45,46,37,32,48,660,38,56.2,1
"Tyler Boyd","WR","CIN",1,80,57,46,46,61,55,51,51,49,"",54,53,62,2,40,42,"",48,797,49,72,5
"Alec Pierce","WR","IND",1,47,"",32,29,47,53,62,33,44,42,46,45,51,"",61,38,48,47,725,45,63,2
"Christian Kirk","WR","JAX",1,64,64,70,44,72,58,67,56,52,59,"",57,48,61,62,58,52,47,991,58,88.2,8
"Darren Waller","TE","OAK",1,49,37,51,60,8,"","","","","","","","","",33,21,40,47,346,38,45.1,3
"Gabe Davis","WR","BUF",1,58,"",88,63,47,68,"",52,59,70,57,69,61,54,76,57,"",47,926,61,85.3,7
"Tyler Allgeier","RB","ATL",1,"",19,21,24,39,33,29,40,23,30,30,22,28,"",36,42,34,47,497,31,47.3,1
"Durham Smythe","TE","MIA",1,38,35,32,40,33,"",26,31,33,37,"",37,27,30,38,32,42,46,557,34,52.7,1
"Deven Thompkins","WR","TB",2,"","","","","","","","","","","","","","",13,4,9,46,72,14,16.3,
"George Pickens","WR","PIT",1,45,50,45,45,57,53,59,65,"",63,63,54,44,42,45,55,51,46,882,51,76,4
"Logan Thomas","TE","WAS",1,48,54,50,55,"","","",34,46,61,46,44,48,"",40,52,57,46,681,48,57.2,1
"Najee Harris","RB","PIT",1,37,42,47,48,37,44,58,54,"",50,67,20,43,31,45,49,45,46,763,44,65.8,3
"Pat Freiermuth","TE","PIT",1,56,48,45,47,37,"",44,47,"",58,52,49,36,31,38,55,54,46,743,46,64.1,2
"Zay Jones","WR","JAX",1,58,48,58,"",60,62,70,71,65,60,"",57,46,56,67,57,49,46,930,58,82.8,5
"Alvin Kamara","RB","NO",1,38,"",48,"",56,50,52,46,45,37,40,38,35,"",34,38,40,45,642,42,61,2
"Brandon Aiyuk","WR","SF",1,67,67,50,46,58,55,74,52,"",69,46,68,80,49,62,50,64,45,1002,58,91.1,8
"Noah Fant","TE","SEA",1,31,26,39,41,31,43,52,46,44,27,"",40,45,30,33,42,45,45,660,38,60.4,4
"Parker Hesse","TE","ATL",2,48,40,43,48,41,41,32,29,29,22,37,35,34,"",42,44,36,45,646,38,61.5,
"Stefon Diggs","WR","BUF",1,38,45,64,61,43,64,"",47,46,69,43,60,55,46,67,43,"",45,836,52,77.1,11
"George Kittle","TE","SF",1,"","",51,47,59,59,70,53,"",71,43,68,81,50,54,47,62,44,859,57,78.1,11
"Mo Alie-Cox","TE","IND",1,50,27,42,46,35,28,24,29,34,40,40,22,31,"",40,23,31,44,586,34,50.9,3
"Matt Breida","RB","NYG",2,13,11,8,9,18,16,18,14,"",14,15,18,9,23,11,11,12,44,264,15,23.3,
"Marquise Brown","WR","ARI",1,62,81,79,71,67,68,"","","","","",64,"",72,58,50,67,44,783,65,91.2,3
"Noah Brown","WR","DAL",1,61,52,51,48,42,61,50,"","",63,54,34,54,50,56,55,47,44,822,51,70.7,3
"Corey Davis","WR","NYJ",2,57,55,68,52,45,47,13,"","","","",43,69,9,"",57,59,43,617,47,55.4,2
"Evan Engram","TE","JAX",1,50,49,58,35,56,49,60,67,38,56,"",51,43,57,60,54,42,43,868,51,77.3,4
"JuJu Smith-Schuster","WR","KC",1,46,42,44,50,62,59,35,"",83,24,"",29,42,55,68,44,39,43,765,47,66.6,3
"Nick Westbrook-Ikhine","WR","TEN",1,44,34,33,35,59,"",45,43,40,48,52,43,52,64,51,46,45,43,777,45,75.1,3
"Tyreek Hill","WR","MIA",1,40,54,37,60,43,60,55,49,45,49,"",45,39,34,49,40,58,43,800,47,75.7,7
"Travis Kelce","TE","KC",1,45,51,56,65,56,52,50,"",83,46,51,63,45,55,58,43,52,43,914,53,79.5,12
"Trey McBride","TE","ARI",2,"",1,5,32,17,20,34,20,13,62,54,52,"",55,56,64,71,43,599,37,49.7,1
"Teagan Quitoriano","TE","HOU",2,"","","","","","","","",18,27,37,36,46,47,51,18,"",43,323,35,50.7,2
"Deebo Samuel","WR","SF",1,56,59,44,40,53,50,68,"","",62,34,55,69,27,"","","",42,659,50,59.9,2
"Jeff Wilson Jr.","RB","MIA",2,40,37,41,33,39,31,26,19,28,42,"",46,17,8,"",30,46,42,525,32,49.9,1
"Olamide Zaccheaus","WR","ATL","",45,26,38,31,44,43,29,54,43,48,42,42,47,"",60,65,38,42,737,43,70.1,3
"Trent Sherfield","WR","MIA",2,21,25,27,40,44,52,35,40,36,45,"",46,30,31,32,22,42,42,610,35,57.7,2
"Zach Gentry","TE","PIT","",19,20,23,39,48,42,34,29,"",43,30,36,48,25,42,29,28,42,577,33,49.7,
"Zack Moss","RB","IND",2,22,13,16,6,16,"","","","",1,4,1,5,"",53,36,34,42,249,19,23.5,
"Chuba Hubbard","RB","CAR",2,3,2,7,3,11,4,23,"","",12,23,28,"",23,29,31,35,41,275,18,27.1,
"DeAndre Carter","WR","LAC","",25,49,45,49,42,68,67,"",57,50,53,53,45,12,16,13,13,41,698,41,58.6,3
"Geoff Swaim","TE","TEN","",45,27,40,40,42,"",37,39,33,33,47,31,20,17,32,24,29,41,577,33,55.7,1
"Juwan Johnson","TE","NO",1,45,53,47,29,44,56,53,47,38,31,36,27,"","",28,27,46,41,648,40,61.6,7
"Amari Rodgers","WR","HOU",2,"",1,3,"",1,24,16,28,19,6,"","",17,36,32,14,31,40,268,16,22.9,1
"DJ Chark","WR","DET",1,56,40,62,"","","","","","","",11,52,64,60,52,49,48,40,534,48,59.4,3
"Dare Ogunbowale","RB","HOU",4,"",1,"","","","",8,3,1,4,4,18,14,18,27,19,26,40,183,10,17.2,
"Hunter Renfrow","WR","OAK",1,48,46,"","",35,"",32,46,44,"","","","","",29,25,32,40,377,37,49.1,2
"Drake London","WR","ATL",1,54,50,48,44,44,39,40,59,46,55,42,49,47,"",60,55,48,39,819,48,77.9,4
"Elijah Moore","WR","NYJ",1,75,61,73,63,39,32,"",10,27,"",27,22,58,61,47,48,49,39,731,45,65.6,1
"John Bates","TE","WAS",2,42,24,20,30,37,"",23,20,25,41,35,36,45,"",36,27,30,39,510,31,42.9,1
"Latavius Murray","RB","DEN","","","","",26,"",27,31,27,"",25,32,49,36,38,44,31,42,39,447,34,48,
"Sammy Watkins","WR","BAL","",41,44,"","","","",28,52,60,21,22,4,7,"","",17,22,39,357,29,47.9,
"Jelani Woods","TE","IND",3,8,8,16,15,23,31,19,15,18,"","",41,15,"",19,33,35,38,334,22,29,3
"Kirk Cousins","QB","MIN",1,62,61,72,72,79,52,"",71,65,83,45,69,68,65,90,72,50,38,1114,65,95.4,
"Nathan Peterman","QB","CHI","","","","","","","","","","","","","","","",1,5,"",38,44,14,13.2,
"Adam Thielen","WR","MIN",1,59,59,70,70,76,45,"",62,62,78,44,64,59,61,81,66,49,37,1042,61,89.2,6
"Robert Tonyan","TE","GB",2,22,27,36,32,28,46,30,49,34,41,36,25,34,"",37,38,39,37,591,34,54,2
"Tyquan Thornton","WR","NE",2,"","","","",25,40,44,61,42,"",17,20,21,52,60,52,56,37,527,40,65.6,2
"Brock Wright","TE","DET",1,23,22,30,24,28,"",31,23,50,46,50,48,35,40,32,27,46,36,591,34,51.8,4
"Chase Claypool","WR","CHI",1,58,54,55,47,68,55,64,61,26,19,29,38,33,"","","",19,36,662,44,61.7,1
"Corey Clement","RB","ARI",2,"","","","","","",1,"","","","",1,"",3,"","",32,36,73,8,11.9,
"Chris Olave","WR","NO",1,45,51,53,41,31,"",55,37,46,36,28,38,41,"",27,"",42,36,607,40,57.7,4
"Damien Harris","RB","NE",2,22,27,25,26,6,"",9,32,"","",15,11,"","",7,4,29,36,249,18,22.6,
"Greg Dortch","WR","ARI",2,59,62,67,27,2,4,35,20,5,2,66,"","",4,6,58,60,36,513,32,42.6,2
"Justin Jefferson","WR","MIN",1,57,60,72,68,79,49,"",70,66,83,45,67,65,61,83,72,46,36,1079,63,92.4,8
"Joe Mixon","RB","CIN",1,73,53,45,53,44,41,49,38,48,"",14,"","",39,42,49,"",36,624,44,56.4,2
"Kendrick Bourne","WR","NE",1,2,24,18,26,34,4,"",54,48,"",24,38,20,42,11,32,28,36,441,27,41.9,1
"Curtis Samuel","WR","WAS",1,55,66,64,58,57,49,57,45,48,53,41,37,56,"",37,48,44,35,850,50,71.4,4
"David Blough","QB","ARI",3,"","","","","","","","","","","","","","","","",74,35,109,54,40.8,
"Donald Parham Jr.","TE","LAC",2,"","","","",27,19,"","","","","","","","",22,24,26,35,153,25,19.6,1
"Jordan Akins","TE","HOU",3,"","",17,20,10,"",26,14,16,33,26,32,34,35,30,37,41,35,406,27,43.7,5
"Marquez Valdes-Scantling","WR","KC",1,51,45,49,55,58,55,35,"",71,53,46,44,31,35,41,23,50,35,777,45,67.6,2
"Austin Hooper","TE","TEN",1,40,28,24,20,34,"",26,27,31,38,30,38,27,36,30,30,32,34,525,30,50.7,2
"Charlie Kolar","TE","BAL",3,"","","","","","","","","","","","","","","","",2,34,36,18,6.9,
"Ian Thomas","TE","CAR",2,35,43,38,15,27,23,31,44,18,33,31,38,"",46,21,43,36,34,556,32,54.7,
"Josh Oliver","TE","BAL",2,19,28,24,21,23,21,31,38,44,"",23,44,24,42,26,42,30,34,514,30,46.9,2
"Noah Gray","TE","KC",2,37,28,26,46,29,28,37,"",40,29,39,50,32,39,43,27,33,34,597,35,52,1
"Austin Ekeler","RB","LAC",1,33,47,34,41,42,61,55,"",47,40,45,46,45,47,49,41,28,33,734,43,61.6,5
"A.J. Green","WR","ARI","",48,74,28,"",50,49,"",37,1,30,55,35,"",45,37,20,12,33,554,36,46,2
"Aaron Jones","RB","GB",1,37,40,39,45,46,41,40,44,30,45,40,35,25,"",40,25,25,33,630,37,57.6,5
"Isaiah McKenzie","WR","BUF",1,26,31,47,31,"",37,"",31,41,52,26,56,39,38,44,23,"",33,555,37,51.2,4
"James Cook","RB","BUF",1,3,18,11,2,10,10,"",15,14,13,16,14,32,24,28,26,"",33,269,16,24.8,1
"Jalen Nailor","WR","MIN",1,"","","",1,"","","","","","",12,"",1,"",1,"",9,33,57,3,4.9,1
"Jaret Patterson","RB","WAS",5,"","","","","","","","","","","","","","","","","",33,33,11,15.1,
"James Proche II","WR","BAL",2,5,"","",5,18,4,8,48,17,"",17,14,13,4,3,"",4,33,193,12,17.6,
"Nick Mullens","QB","MIN",2,"","","","","","","","",1,"",12,"","","","","",8,33,54,13,4.6,
"Rhamondre Stevenson","RB","NE",1,14,42,41,32,54,60,40,49,46,"",49,45,53,13,43,51,34,33,699,41,66.4,1
"Steven Sims","WR","PIT",2,"","","","",3,6,"",11,"",32,32,24,25,27,29,33,29,33,284,23,24.5,
"T.J. Hockenson","TE","MIN",1,63,54,59,65,56,"",49,52,60,77,44,55,61,62,85,65,47,33,987,58,84.6,6
"Adam Trautman","TE","NO",2,25,33,44,39,50,16,"","",18,19,40,35,47,"",36,40,47,32,521,34,49.5,1
"Breshad Perriman","WR","TB","",26,50,47,"","",2,10,5,24,18,"",8,"","",7,"","",32,229,20,18.8,1
"Chigoziem Okonkwo","TE","TEN",1,10,16,10,13,13,"",27,24,18,20,30,19,32,33,37,28,16,32,378,22,36.5,3
"Dante Pettis","WR","CHI","",23,23,36,36,30,44,22,42,27,27,18,23,34,"",47,46,14,32,524,30,50.7,3
"Ezekiel Elliott","RB","DAL","",40,41,41,39,36,41,31,"","","",21,38,38,35,38,34,53,32,558,37,48,
"Irv Smith Jr.","TE","MIN","",19,34,37,46,50,33,"",34,"","","","","","","","","",32,285,35,52.8,2
"AJ Dillon","RB","GB",2,31,39,33,42,20,36,16,28,49,24,29,21,45,"",26,38,29,31,537,31,49.1,
"Jaylen Warren","RB","PIT",2,23,17,12,16,38,20,17,22,"",36,3,"",13,22,23,21,28,31,342,21,29.5,
"Jonathan Williams","RB","WAS",3,1,"",2,6,"","","","","","","",5,2,"","",20,32,31,99,7,8.3,
"MyCole Pruitt","TE","ATL","","","","","",12,16,12,13,18,12,31,32,27,"",41,36,40,31,321,24,40,4
"Quez Watkins","WR","PHI",1,41,43,33,49,43,42,"",37,35,29,36,66,37,32,48,51,28,31,681,40,57.8,3
"Tom Brady","QB","TB","",62,67,65,64,79,72,67,68,84,75,"",69,80,76,74,81,78,31,1192,70,98,
"Christian McCaffrey","RB","SF",1,43,53,49,45,59,38,22,43,"",46,38,44,69,44,57,39,57,30,776,45,73.2,5
"Deon Jackson","RB","IND",3,"",2,"","",46,54,5,2,39,"",13,4,8,"",25,8,14,30,250,15,21.7,1
"Gerald Everett","TE","LAC",1,44,50,46,46,46,51,40,"",47,10,"",38,44,58,44,37,36,30,667,41,56,4
"Justin Watson","WR","KC","",16,14,10,14,11,7,10,"",26,46,57,64,34,44,50,39,22,30,494,29,43,2
"Jamaal Williams","RB","DET",2,23,21,35,37,22,"",26,22,38,25,32,30,23,26,21,16,33,30,460,27,40.3,
"Russell Gage","WR","TB",1,26,44,52,41,58,55,41,"","","","","",26,25,46,43,42,30,529,40,43.5,5
"Samaje Perine","RB","CIN",2,26,14,23,12,19,14,20,13,27,"",46,56,60,29,25,34,"",30,448,28,40.5,4
"Shi Smith","WR","CAR",2,41,41,22,39,43,24,25,38,39,16,34,"","",24,21,14,31,30,482,28,47.4,2
"Albert Okwuegbunam","TE","DEN",3,44,38,24,1,15,"","","","","","","","",2,"","",37,29,190,23,16.7,1
"Cade Johnson","WR","SEA",2,"","","","","","","",1,"","","","","","","","",26,29,56,18,27.2,
"Gary Brightwell","RB","NYG",3,"",1,"",3,7,1,"",1,"","",7,11,"",21,"",1,5,29,87,5,7.7,
"Miles Sanders","RB","PHI",1,40,39,41,55,54,44,"",29,42,29,44,43,39,45,40,38,22,29,673,39,57.1,
"Tony Pollard","RB","DAL",1,38,24,28,24,23,27,41,31,"",72,39,44,28,41,41,39,"",29,569,35,49,3
"Tommy Tremble","TE","CAR",3,18,10,24,22,39,24,32,46,27,39,21,49,"",29,24,39,38,29,510,30,50.2,3
"Byron Pringle","WR","CHI","",10,14,2,"","","","","","",20,14,31,20,"",53,54,39,28,285,25,45.5,2
"Frank Darby","WR","ATL",2,"","",7,"","","","","","","",3,"","","","",5,11,28,54,10,10.8,
"Foster Moreau","TE","OAK","",18,41,35,"","","",54,58,57,67,66,77,55,60,38,36,55,28,745,49,67.6,2
"Joshua Kelley","RB","LAC",2,18,19,13,14,18,2,"","","","","",14,32,32,25,23,23,28,261,20,28.1,
"Keith Kirkwood","WR","NO",2,"","","","",30,51,"","","","","","","","","",16,28,28,153,30,46.1,
"Mitchell Wilcox","TE","CIN","",2,19,39,32,12,17,26,15,40,"",24,25,52,53,60,54,"",28,498,31,45,1
"Cameron Brate","TE","TB","",42,38,58,22,"",34,"","","",34,"",35,"",28,29,8,"",27,355,32,29.2,
"Marvin Jones Jr.","WR","JAX","",57,64,52,43,65,"",40,39,39,44,"",38,38,35,46,31,42,27,700,43,62.3,3
"Marcedes Lewis","TE","GB","",23,31,22,31,32,27,23,22,32,37,16,19,28,"",29,29,23,27,451,26,41.2,2
"Travis Etienne Jr.","RB","JAX",1,36,26,33,24,40,29,57,57,56,50,"",5,49,54,51,51,24,27,669,39,59.6,
"Chris Godwin","WR","TB",1,19,"","",53,41,64,63,61,77,67,"",66,69,69,66,73,66,26,880,58,72.4,3
"Jauan Jennings","WR","SF",1,41,35,26,18,15,19,32,"","",23,22,29,22,22,54,46,59,26,489,30,44.5,1
"Johnny Mundt","TE","MIN",3,40,28,28,20,35,29,"",43,15,22,27,37,24,13,16,22,18,26,443,26,37.9,1
"Jack Stoll","TE","PHI",2,28,20,37,33,30,32,"",30,23,11,55,64,54,47,58,16,10,26,574,33,48.7,
"Michael Woods II","WR","CLE",3,"","","","","",10,6,12,"",13,7,"","",15,41,4,21,26,155,14,13.2,
"T.Y. Hilton","WR","DAL","","","","","","","","","","","","","","","","",12,22,26,60,20,20.3,
"Alexander Mattison","RB","MIN",2,14,19,28,27,34,7,"",17,9,13,16,10,17,10,13,15,23,25,297,17,25.4,1
"Connor Heyward","TE","PIT",2,1,4,6,1,10,30,5,7,"",17,4,10,14,11,4,13,12,25,174,10,15,1
"Eric Tomlinson","TE","DEN","",20,24,35,24,35,16,35,18,"",21,26,9,27,23,35,11,23,25,407,23,35.8,2
"Giovani Bernard","RB","TB","","","","","","","","","","","","","","","","","","",25,25,3,3.9,
"Josh Reynolds","WR","DET",1,55,44,62,62,60,"",47,48,"","","",8,60,43,40,40,31,25,625,44,54.7,3
"Mike Gesicki","TE","MIA",2,25,44,17,28,36,50,38,31,28,32,"",41,9,20,12,12,30,25,478,28,45.2,5
"Mike Williams","WR","LAC",1,62,66,55,65,60,87,54,"","","",6,"","",52,63,58,50,25,703,54,59,4
"Boston Scott","RB","PHI",2,14,15,7,"","",10,"",13,5,5,13,10,17,12,4,3,18,24,170,11,14.4,
"Chase Edmonds","RB","DEN",2,38,36,19,18,10,31,18,16,"",15,3,"","","","",28,41,24,297,22,34.6,1
"Dalvin Cook","RB","MIN",1,48,42,44,45,45,45,"",54,57,70,34,59,51,55,77,57,34,24,841,49,72,2
"David Montgomery","RB","CHI",2,38,33,11,"",36,56,40,55,52,40,55,39,40,"",40,42,28,24,629,39,60.8,1
"Devin Singletary","RB","BUF",2,35,37,67,56,30,63,"",44,46,54,47,60,33,29,47,37,"",24,709,44,65.3,1
"D'Andre Swift","RB","DET",1,46,31,32,"","","","",33,10,19,21,24,39,25,27,37,25,24,393,28,34.4,3
"JaMycal Hasty","RB","JAX",2,3,"",3,3,3,10,4,16,13,14,"",49,3,18,16,18,25,24,222,13,19.8,1
"Quintin Morris","TE","BUF",2,"",28,29,16,38,12,"",11,13,14,27,18,"",16,13,22,"",24,281,20,25.9,1
"Raheem Mostert","RB","MIA",1,25,39,24,46,46,48,44,44,27,19,"","",28,37,45,26,30,24,552,34,52.2,2
"Andrew Beck","TE","DEN",1,10,21,27,12,19,16,20,9,"","","",4,"","",21,3,13,23,198,15,17.4,
"David Bell","WR","CLE",2,22,20,40,19,29,44,34,34,"",35,48,50,3,49,"",51,15,23,516,32,44,
"Kalif Raymond","WR","DET",2,8,6,13,38,56,"",53,54,59,51,57,54,13,8,20,21,21,23,555,32,48.6,
"Romeo Doubs","WR","GB",1,35,25,55,70,54,70,48,54,1,"","","","","",23,40,31,23,529,40,48.4,3
"Tyler Kroft","TE","SF","",37,21,"","","","","",18,"",21,27,"",23,16,14,20,18,23,238,21,21.6,
"Tre' McKitty","TE","LAC",3,40,39,19,37,36,39,24,"",24,45,39,26,25,41,23,31,30,23,541,31,45.4,
"Eric Saubert","TE","DEN",2,18,26,35,41,41,1,15,10,"",15,27,12,26,19,41,22,24,22,395,23,34.8,1
"Jerick McKinnon","RB","KC","",27,27,33,18,38,29,28,"",62,24,34,26,26,39,48,25,29,22,535,31,46.6,9
"Shane Zylstra","TE","DET",2,3,10,3,"","","","","","",16,12,17,23,23,25,29,28,22,211,16,23.9,4
"Freddie Swain","WR","DEN",3,"","","","","","","","","","","","","",7,38,50,"",21,116,29,36,
"Isiah Pacheco","RB","KC",1,16,5,5,17,2,10,19,"",22,35,26,39,25,29,27,26,27,21,351,20,30.5,
"Scotty Miller","WR","TB","","",29,52,"",36,2,8,20,35,14,"",3,15,11,8,4,"",21,258,17,21.2,
"Ty Johnson","RB","NYJ","","",13,1,"","","",10,19,7,"",14,15,28,"","",12,33,21,173,10,15.5,
"Damiere Byrd","WR","ATL","","","","",11,21,11,16,34,29,30,19,22,19,"",30,31,19,20,312,22,29.7,2
"Harrison Bryant","TE","CLE",2,38,31,34,49,38,25,34,53,"",51,55,21,36,8,27,14,30,20,564,33,48,1
"Kenneth Gainwell","RB","PHI",1,23,19,22,22,16,17,"",14,18,16,11,27,20,12,29,30,15,20,331,19,28.1,
"KhaDarel Hodge","WR","ATL","",20,12,11,18,20,7,2,3,16,8,6,8,6,"",13,14,15,20,199,11,18.9,1
"Chris Manhertz","TE","JAX",2,25,33,36,14,26,36,24,27,37,17,"",22,15,30,16,31,19,19,427,25,38,
"Cade Otton","TE","TB",1,30,33,"",43,74,40,54,62,71,46,"",36,66,45,48,68,68,19,803,50,66,2
"Cordarrelle Patterson","RB","ATL",2,49,36,35,16,"","","","",24,24,27,33,25,"",37,26,31,19,382,29,47,
"Jeremy Ruckert","TE","NYJ",4,"",18,"",1,6,"","","","","","",2,"","","","","",19,46,5,4.1,
"Khalil Herbert","RB","CHI",2,17,8,38,48,14,16,29,22,21,23,"","","","","",26,20,19,301,23,37.8,1
"Keaontay Ingram","RB","ARI",3,"","","","","",9,20,"",1,5,18,7,"",9,8,7,1,19,104,8,8.6,
"Randall Cobb","WR","GB","",37,20,25,25,40,26,"","","","",34,22,33,"",29,32,29,19,371,28,44.4,1
"Tre'Quan Smith","WR","NO",2,"","",42,14,52,51,44,38,36,7,10,15,11,"",18,33,13,19,403,26,38.3,1
"Tylan Wallace","WR","BAL",2,6,9,9,6,13,13,"","","","",2,"","","","","","",19,77,8,9.7,
"Zach Pascal","WR","PHI",2,17,31,30,20,13,9,"",23,20,21,29,9,28,19,18,12,20,19,338,19,28.7,1
"Ameer Abdullah","RB","OAK",2,7,14,"",1,"","",7,20,14,15,11,14,12,8,15,10,9,18,175,10,15.9,1
"Blake Bell","TE","KC","","","","","","","","","","","","","","","","",6,8,18,32,10,18.6,1
"Kadarius Toney","WR","KC",1,7,28,"","","","","","",9,28,14,"","","",5,16,19,18,144,16,12.5,2
"Michael Carter","RB","NYJ",3,50,43,38,31,25,27,43,33,31,"",25,19,"",37,33,23,20,18,496,31,44.5,
"Taysom Hill","TE","NO",3,16,6,"",12,23,15,18,23,17,19,24,28,27,"",24,25,31,18,326,20,31,2
"Danny Gray","WR","SF",2,"",7,6,"",7,"",8,5,"","",10,2,4,13,2,2,4,17,87,6,7.9,
"Dareke Young","WR","SEA",2,4,"","","","",3,17,4,14,6,"",1,1,2,3,10,27,17,109,8,10,
"Justice Hill","RB","BAL",3,11,21,29,25,"","",20,16,17,"",28,14,17,2,24,7,17,17,265,17,24.2,
"Laviska Shenault Jr.","WR","CAR",2,"","",11,4,"","",2,23,3,26,16,28,"",21,13,24,18,17,206,15,20.3,1
"N'Keal Harry","WR","CHI","","","","","","","",30,50,21,"","","",5,"","",28,25,17,176,25,23.2,1
"Pharoh Cooper","WR","ARI","","","","","","","","","","","","","","","","",1,7,17,25,5,7.3,
"Ronald Jones","RB","KC",2,"","","","","","","","","","","",11,3,"",2,1,4,17,38,6,3.3,
"Trace McSorley","QB","ARI","",8,"","","","","","","","",2,15,"","","",30,76,"",17,148,24,12.3,
"Zonovan Knight","RB","NYJ",2,"","","","","","","","","","","",30,47,35,30,24,15,17,198,28,31,
"Anthony Firkser","TE","ATL","",3,13,9,10,15,"","","","","","",22,14,"",23,15,9,16,149,13,14.2,
"Jalen Reagor","WR","MIN",2,"",10,1,3,3,1,"",4,2,"",12,2,2,7,7,"",12,16,82,4,7,1
"Kareem Hunt","RB","CLE","",45,31,32,36,33,30,28,33,"",24,32,32,24,28,17,33,18,16,492,28,41.9,1
"Ke'Shawn Vaughn","RB","TB",3,"","","","","","","","",3,5,"",9,"","","",2,2,16,37,2,3,
"Brycen Hopkins","TE","LAR",2,4,4,"","","",9,"",10,14,13,6,22,10,4,5,38,19,15,173,12,20.7,
"D'Onta Foreman","RB","CAR",1,7,3,4,4,3,10,27,54,21,45,22,35,"",34,14,30,25,15,353,20,34.7,
"Hassan Haskins","RB","TEN",2,9,28,4,"",2,"",4,2,6,2,7,6,"","",12,15,43,15,155,10,15,
"Jameson Williams","WR","DET",1,"","","","","","","","","","","","",8,13,13,11,18,15,78,13,18.9,1
"Khalil Shakir","WR","BUF",1,"",24,"",16,39,15,"",17,9,15,16,34,16,12,22,25,"",15,275,19,25.3,1
"River Cracraft","WR","MIA",2,10,16,9,10,14,17,6,"","","","",25,20,"","","",17,15,159,14,15,2
"Royce Freeman","RB","HOU","","","","","","","","","","","","","","","",24,37,30,15,106,26,40,
"Ashton Dulin","WR","IND",2,32,32,18,19,12,"","","","",20,13,22,20,"",18,9,"",14,229,19,25.8,1
"Blaine Gabbert","QB","TB",1,"","","","","","","","","","","","","","","","","",14,14,14,1.2,
"Chris Conley","WR","TEN","",10,20,"","","","","",13,9,"","","","",32,31,5,18,14,152,16,24,
"Josiah Deguara","TE","GB",1,15,15,9,11,9,5,7,30,28,13,16,14,10,"",20,19,23,14,258,15,23.6,
"Jake Ferguson","TE","DAL",1,11,34,53,17,35,34,24,32,"",26,36,36,32,8,"",15,23,14,430,26,37,2
"Jordan Mason","RB","SF",3,"","",5,"",1,"","","","","",7,9,15,19,7,"",5,14,82,5,7.5,
"Chase Daniel","QB","LAC","","",1,"","","","","","","",3,"","","","","","",13,13,30,7,2.5,
"Gunner Olszewski","WR","PIT",2,9,8,3,9,"","",10,"","",22,31,21,18,20,19,8,25,13,216,13,18.6,
"Racey McMath","WR","TEN",2,"","","","","","","","","","","","","",22,14,"",15,13,64,12,19.4,
"Tim Boyle","QB","CHI","","","","","","","","","","","","","","","","","","",13,13,13,4.7,
"Cam Sims","WR","WAS",2,8,8,8,5,37,41,49,49,28,27,18,9,7,"",5,5,12,12,328,19,27.6,
"Charlie Woerner","TE","SF",2,19,36,8,19,24,16,12,4,"",4,11,17,4,6,6,1,2,12,201,11,18.3,
"Kenny Yeboah","TE","NYJ",3,"",2,"","","",4,2,"",3,"","","","","","",1,2,12,26,2,3.4,
"Ray-Ray McCloud III","WR","SF",2,18,18,10,9,18,20,20,30,"",7,8,7,7,28,27,19,28,12,286,16,26,1
"Ty Chandler","RB","MIN",5,"","","","","","","","","","","","","","","","","",12,12,4,2.5,
"Trenton Irwin","WR","CIN",2,"","","","","","","",23,36,"",46,52,9,56,16,37,"",12,287,31,46.5,4
"Trevon Wesco","TE","CHI","","",2,15,16,2,16,20,25,18,15,16,13,2,"","","",9,12,181,12,17.5,
"Andre Baccellia","WR","ARI",2,8,19,26,6,12,"","","","","","",1,"","","","",35,11,118,14,18.4,
"Armani Rogers","TE","WAS",4,4,1,14,11,5,18,38,22,13,21,"","","","","","","",11,158,14,20.5,
"Cole Turner","TE","WAS",3,"","","","",32,53,27,"","","",26,20,24,"",17,21,14,11,245,24,20.6,
"DeeJay Dallas","RB","SEA",2,3,2,15,3,10,23,19,5,2,"","",9,32,"","",35,27,11,196,13,17.9,
"Grant Calcaterra","TE","PHI",3,"","",17,11,10,7,"",12,7,7,19,23,28,39,29,7,"",11,227,15,19.3,
"Hunter Long","TE","MIA",3,12,"","","","",21,4,17,6,"","","","","",6,4,12,11,93,10,8.8,
"Josh Johnson","QB","SF","","","","","","","","","","","","","","",11,"","","",11,22,11,5.7,
"James Mitchell","TE","DET",3,"","","",5,5,"",6,5,13,15,15,17,22,14,16,19,20,11,183,13,16,1
"Kyle Rudolph","TE","TB","","","",9,"",9,"",8,6,5,"","","",9,"","",11,11,11,79,8,6.5,1
"Miles Boykin","WR","PIT","",8,"","",5,5,4,7,8,"",14,3,"",8,10,25,14,10,11,132,8,11.4,
"Maxx Williams","TE","ARI","",10,12,9,23,"","","","","","",13,17,"",15,13,21,25,11,169,15,21.4,
"Stone Smartt","TE","LAC",4,"","","","","","","","","","",19,7,16,4,"",7,10,11,74,10,13.3,
"Erik Ezukanma","WR","MIA",2,"","","","","","","","","","","","","","","","","",10,10,10,0.9,
"Elijah Mitchell","RB","SF",2,17,"","","","","","","","",25,13,15,"","","","","",10,80,16,24.3,
"Keelan Cole","WR","OAK",2,"","",40,49,5,"","",18,9,48,44,50,35,29,16,12,4,10,369,26,35.3,1
"Kene Nwangwu","RB","MIN",3,"","","","","","","","","","",7,"","","","","",1,10,18,1,1.5,
"Kyle Trask","QB","TB",2,"","","","","","","","","","","","","","","","","",10,10,10,0.8,
"Rex Burkhead","RB","HOU","",50,23,24,18,12,"",23,10,13,16,9,11,"",5,12,11,13,10,260,16,24.5,1
"Rachaad White","RB","TB",1,17,9,6,24,31,16,29,18,29,48,"",62,33,40,29,29,39,10,469,27,38.6,2
"Velus Jones Jr.","WR","CHI",2,"","","","",3,12,13,15,"","",8,12,12,"",40,29,5,10,159,13,15.4,1
"Ihmir Smith-Marsette","WR","KC",2,3,"",5,6,19,25,"","","","","","","",3,"","","",9,70,8,14.8,
"Johnny Johnson III","WR","HOU",3,"","","","","","","","","","","","","","","","","",9,9,9,13.8,
"Ko Kieft","TE","TB",2,16,24,11,9,14,18,18,13,17,23,"",16,15,5,20,14,23,9,265,15,21.8,1
"Stephen Sullivan","TE","CAR",3,"",4,2,1,"",4,2,9,"",6,15,15,"",18,13,15,12,9,125,8,12.3,
"Tyler Badie","RB","DEN",3,"","","","","","","","","","","","","","","","","",9,9,9,6.7,1
"Dyami Brown","WR","WAS",2,3,1,12,21,20,3,"","",20,16,6,14,17,"",10,7,11,8,169,11,14.2,2
"Larry Rountree III","RB","LAC",5,"","","","","","","","","","","","","","","",4,13,8,25,6,7.7,
"Marquez Callaway","WR","NO",2,20,17,13,58,56,54,52,21,29,"",21,"",13,"",9,26,"",8,397,28,37.7,1
"Stephen Anderson","TE","ARI","",9,19,6,3,1,"",6,3,3,25,10,12,"",14,4,9,"",8,132,8,11,
"Tyler Davis","TE","GB",2,15,21,19,21,8,5,11,3,5,4,3,9,7,"",11,14,10,8,174,10,15.9,
"Tyrion Davis-Price","RB","SF",3,"",30,"","","",1,13,"","","","","","","","",13,5,8,70,11,6.4,
"Trestan Ebner","RB","CHI",3,4,"",15,14,1,3,8,3,2,"",15,1,1,"",5,"",5,8,85,5,8.2,
"Austin Trammell","WR","LAR",3,"","","","","","","","","","","","",10,12,14,9,2,7,54,9,15.5,
"Brandon Johnson","WR","DEN",3,"","","","","","","","","","",22,42,25,53,41,"",14,7,204,29,39.2,1
"Chad Henne","QB","KC","",5,"","","","","",6,"","","","","","","","","","",7,18,6,1.6,
"David Johnson","RB","NO","","","","","","","","","","","",10,"","","",18,15,8,7,58,11,19.7,
"Jamal Agnew","WR","JAX",2,7,7,12,18,6,5,"","",1,7,"",15,9,11,10,9,17,7,141,9,12.6,3
"Josh Ali","WR","ATL",1,"","","","","","","","","","","","","","","","","",7,7,7,5.4,
"John Brown","WR","BUF","","","","","","","","","","","","","",12,3,"","","",7,22,7,11.4,1
"Brevin Jordan","TE","HOU",3,42,23,"","","","",30,30,38,"","","",24,13,5,36,25,6,272,24,25.6,
"Cooper Rush","QB","DAL",2,16,61,64,61,55,67,"","","","",8,"",3,"","","","",6,341,37,29.3,
"Eno Benjamin","RB","NO",3,22,37,22,11,37,62,48,58,17,1,"","",4,8,"","",6,6,339,22,28,
"Jeff Driskel","QB","HOU","",2,3,"","","","","","","","","","","",33,18,19,15,6,96,13,20.7,
"Justin Jackson","RB","DET","","","","",9,14,"",12,"",13,17,25,18,16,20,22,14,"",6,186,11,16.3,1
"Malik Davis","RB","DAL",4,"","","","","","","",19,"",11,13,"",3,"","",1,26,6,79,6,9.3,
"Matt Sokol","TE","NE",3,"","","","",8,"","","","","","","","","","","",10,6,24,8,12.8,
"Pharaoh Brown","TE","CLE","",46,45,48,"",2,19,11,25,"",28,11,13,40,2,13,9,23,6,341,21,30.2,
"Stanley Morgan","WR","CIN",2,5,3,6,1,8,2,"","",10,"",8,5,6,5,10,2,"",6,77,5,7,
"Avery Williams","RB","ATL",5,23,15,4,7,17,7,7,5,3,9,"",7,"","",10,12,10,5,141,8,13.4,
"Denzel Mims","WR","NYJ",2,"","","","","","",24,44,50,"",45,18,16,51,6,"",11,5,270,27,24.2,
"Gus Edwards","RB","BAL",2,"","","","","","",23,16,"","","",36,17,21,11,21,9,5,159,17,21.9,
"Jonathan Ward","RB","TEN",6,"","","","","","","","","","","","","","","","",5,5,10,1,1.7,
"Laquon Treadwell","WR","SEA","","","","","","","","","","","","",7,18,4,"",65,39,5,138,23,34.2,
"Sean McKeon","TE","DAL",3,"","",11,"","",9,2,14,"",9,15,17,10,11,5,9,11,5,128,9,14,
"Equanimeous St. Brown","WR","CHI",2,44,29,54,59,31,46,42,25,52,31,50,23,30,"",3,"",32,4,555,34,53.7,1
"Logan Woodside","QB","ATL",3,"","","","","","","","","","","","","","","","","",4,4,4,1,
"Nelson Agholor","WR","NE",1,33,34,50,38,7,"",3,19,21,"",37,43,30,57,54,19,27,4,476,29,45.2,2
"Nikola Kalinic","TE","IND",4,"","","","","","","","","",7,17,6,"","",9,3,1,4,47,6,10.3,
"Salvon Ahmed","RB","MIA",3,"","","","","","","",3,"",7,"","","",5,14,"",2,4,35,2,3.3,
"Darius Slayton","WR","NYG",2,"",4,14,39,33,45,44,48,"",55,66,54,61,53,59,68,52,3,698,43,61.5,2
"Giovanni Ricci","TE","CAR",4,12,18,31,24,20,6,10,7,13,8,"","","",1,2,4,4,3,163,10,16,
"Kevin Rader","TE","TEN",2,"","",15,7,5,"",14,11,12,13,"",5,10,2,8,4,13,3,122,8,13.3,
"Luke Farrell","TE","JAX",2,2,3,2,"",8,7,2,9,15,2,"",1,6,11,3,13,10,3,97,5,8.6,
"Leonard Fournette","RB","TB","",47,58,59,39,49,59,40,49,52,22,"","",48,36,43,49,36,3,689,43,56.7,3
"Mike Strachan","WR","IND",2,11,35,6,9,7,19,2,17,12,"","","",6,"","",1,3,3,131,10,11.4,
"Nyheim Hines","RB","BUF",3,26,15,32,21,3,"",24,21,4,6,10,4,23,10,3,3,"",3,208,13,17.7,1
"Peyton Hendershot","TE","DAL",2,2,7,38,4,37,41,19,21,"",17,25,20,15,10,17,8,14,3,298,17,25.6,2
"Raheem Blackshear","RB","CAR",3,"","","","","","",5,7,17,8,11,3,"",14,2,6,3,3,79,6,8.7,
"Reggie Bonnafon","RB","WAS","","","","","","","","","","","","","","","","","","",3,3,3,4.5,
"Reggie Bonnafon","RB","WAS","","","","","","","","","","","","","","","","","","",3,3,3,4.5,
"Ryan Griffin","TE","CHI","",31,11,"","","",3,11,6,2,13,8,2,16,"",15,17,8,3,146,10,15.4,
"Braxton Berrios","WR","NYJ",2,39,16,24,8,13,16,33,30,21,"",6,16,20,17,27,"",9,2,297,17,26.7,
"Dax Milne","WR","WAS",2,6,2,5,2,1,6,26,9,10,8,5,"","","","",1,"",2,83,5,7,1
"Jared Pinkney","TE","LAR","","","","","","","","","","","","","","","","","",1,2,3,0,1.3,
"Jalen Virgil","WR","DEN",3,"","","","","","","","","",24,7,4,4,9,1,19,4,2,74,8,6.5,1
"Preston Williams","WR","CAR",2,"","","","","","","","","","","","","","","","","",2,2,2,3.4,
"Snoop Conner","RB","JAX",2,"","","","","","","",1,1,"","",10,4,"",3,6,11,2,38,4,3.4,
"Samori Toure","WR","GB",1,"","","","","","",19,14,28,12,4,2,12,"",2,6,11,2,112,10,10.2,1
"Tyler Mabry","TE","SEA",4,"","","","","","","","","","","","","","","","",3,2,5,2,3.5,1
"Ty'Son Williams","RB","ARI",5,"","","","","","","","","","","","","","","","","",2,2,2,3.8,
"Zamir White","RB","OAK",2,"",6,"",3,3,"",5,5,1,2,"",3,4,3,3,"","",2,40,2,3.6,
"Godwin Igwebuike","RB","SEA","","","","","","","","","","","","","","","","","",4,1,5,1,1.5,
"Jacoby Brissett","QB","CLE",2,80,67,72,73,67,70,60,72,"",67,75,79,1,1,1,"",1,1,787,49,67,
"Jaelon Darden","WR","CLE",3,10,8,18,6,11,"",4,"","","","","","","","","",2,1,60,4,5.1,
"Lance McCutcheon","WR","LAR",2,"","","",1,"","","","","",3,10,26,"","",1,8,6,1,56,5,5.5,
"Pierre Strong Jr.","RB","NE",3,"",3,"","","",4,3,"","","","","","",19,17,2,2,1,51,3,4.8,
"Tim Jones","WR","JAX","",2,"",4,26,1,27,9,2,2,5,"",5,11,12,9,19,10,1,145,8,12.9,
"Alex Erickson","WR","WAS",3,"","","","","","","","","","","","","","","","","","",0,0,0,
"Antonio Gibson","RB","WAS",2,49,40,34,30,20,15,29,22,37,40,46,26,42,"",38,21,"","",489,32,43.5,2
"Andy Isabella","WR","BAL",2,21,"",32,14,"","","","","","","","","","","",3,3,"",73,14,17.6,
"Anthony McFarland Jr.","RB","PIT",3,"","","","","","","","","","","",21,"","","","","","",21,21,30.4,
"Andre Roberts","WR","CAR","","","","","","","","","","","","","","","","","","","",0,0,0,
"Allen Robinson II","WR","LAR",1,65,57,44,73,54,56,"",54,51,55,53,"","","","","","","",562,56,83.3,3
"Anthony Schwartz","WR","CLE",2,23,12,5,11,8,12,"","","",12,8,11,5,"","","","","",107,9,12.7,
"Antonio Williams","RB","NYG","","",2,"","","","","","","","","","","","","","","","",2,1,1,
"Brandon Allen","QB","CIN","","","","","","","","","",16,"","","","","","","","","",16,16,1.4,
"Brandon Bolden","RB","OAK",3,16,"",25,5,10,"","",1,4,"",3,"","",1,"",2,15,"",82,5,7.4,1
"Brittain Brown","RB","OAK",6,"","","","","","","","","","","","","","","","","","",0,0,0,
"Britain Covey","WR","PHI",2,"","","","","","","",4,1,"","","",9,5,"","","","",19,1,1.6,
"Bryan Edwards","WR","ATL","",35,16,"","",14,12,5,3,"",6,"","","","","","","","",91,13,13.7,
"Ben Ellefson","TE","MIN","",17,3,13,10,"","","","","","","","","","","","","","",43,10,12.8,
"Breece Hall","RB","NYJ",1,38,19,40,46,41,37,12,"","","","","","","","","","","",233,33,49.1,1
"Brian Hoyer","QB","NE","","","","",15,"","","","","","","","","","","","","","",15,15,6,
"Bryce Perkins","QB","LAR","","","","","","","","","","",5,26,54,1,"","",4,"","",90,18,8.8,
"Brian Robinson Jr.","RB","WAS",1,"","","","",18,27,35,15,28,43,23,30,40,"",24,32,36,"",351,29,39.5,1
"Brett Rypien","QB","DEN","","","","","","","",79,"","","","","","",10,69,17,"","",175,43,15.4,
"Braylon Sanders","WR","MIA",3,"","","","","","","",14,"","","","","","",13,7,"","",34,11,13.8,
"Ben Skowronek","WR","LAR",1,59,54,41,65,57,44,"",36,37,59,54,34,62,64,30,"","","",696,49,68,
"Benny Snell Jr.","RB","PIT","","","","","","","","","","","",3,28,9,2,"","","","",42,2,3.6,
"Binjimen Victor","WR","BAL","","","","","","","","","",4,"","","",1,"","","","","",5,2,3.6,
"Bailey Zappe","QB","NE",2,"","","",43,60,70,34,"","","","","","","","","","","",207,51,19.7,
"Brandon Zylstra","WR","DET","","","","","","","","","",16,"","","","","","","","","",16,8,13.2,
"Chase Allen","TE","CHI","","","","","","","","","","","","","","","","",2,"","",2,2,3.2,
"Cole Beasley","WR","BUF","","","",9,4,"","","","","","","","","","",11,6,"","",30,7,11.1,
"C.J. Beathard","QB","JAX",2,"","",1,"","","","","","","","","",4,"","",3,19,"",27,6,2.4,
"C.J. Board","WR","TEN","","","","","","","","","","","","","",16,"","","","","",16,4,5.2,
"Cethan Carter","TE","MIA","",1,"","","","","","","","","","","","","","","","","",1,1,0.4,
"Clyde Edwards-Helaire","RB","KC",2,27,25,25,45,31,28,17,"",17,4,5,"","","","","","","",224,22,32,3
"Chris Evans","RB","CIN",3,"",1,2,3,"",3,"",2,1,"","",4,2,"","","","","",18,1,1.6,1
"Cody Hollister","WR","TEN","",8,19,14,11,20,"",22,32,25,9,7,4,"","","","","","",171,15,24.3,
"Caleb Huntley","RB","ATL",3,"",3,"",12,16,20,11,24,13,9,2,3,5,"",2,"","","",120,10,16.7,
"Case Keenum","QB","BUF",2,"",16,"","",8,"","","","","","","","","","","","","",24,12,2.2,
"Cooper Kupp","WR","LAR",1,67,62,48,74,64,63,"",55,57,40,"","","","","","","","",530,58,95.2,6
"Colt McCoy","QB","ARI",2,"","","","","","","","","",66,56,"","",72,35,"","","",229,57,27.8,
"Chris Myarick","TE","NYG",2,14,23,21,41,27,27,46,30,"",16,8,23,8,4,6,"",6,"",300,18,28,1
"Cornell Powell","WR","KC",2,"","","","","","","","","","",1,2,"","","","","","",3,1,1.5,
"Craig Reynolds","RB","DET",3,"",9,13,24,31,"",20,5,1,"","","","","","","",13,"",116,12,14.6,
"Chester Rogers","WR","CLE","","","","","","","","","","","","","","","","","","","",0,0,0,
"Chris Streveler","QB","NYJ",2,"","","","","","","","","","","","","","","",31,"","",31,15,16.5,
"C.J. Uzomah","TE","NYJ",2,23,"",27,31,41,43,36,37,32,"",33,48,39,34,32,30,39,"",525,35,47.1,2
"Carson Wentz","QB","WAS","",77,74,77,74,63,57,"","","","","","","","","",19,69,"",510,63,73.6,
"Cody White","WR","PIT",2,"","","","","","","","","","","",10,"","","","","","",10,10,14.5,
"Cedrick Wilson Jr.","WR","MIA",1,28,22,5,"",16,15,4,14,13,21,"",33,9,20,13,13,11,"",237,15,22.4,
"Dan Arnold","TE","JAX","",11,16,8,6,8,3,10,15,24,6,"",3,8,15,7,13,14,"",167,9,14.9,
"Devin Asiasi","TE","CIN",1,"","",24,16,"",1,2,1,23,"",9,14,18,26,17,32,"","",183,15,16.5,
"Daylen Baldwin","WR","CLE",9,"","","","","","","","","","","","","","",12,"","","",12,12,18.2,
"Daniel Bellinger","TE","NYG",2,29,42,43,39,45,61,26,"","","","","",64,39,62,68,56,"",574,47,50.6,2
"Derek Carr","QB","OAK",1,58,67,70,75,64,"",55,44,59,70,66,76,61,60,68,53,"","",946,63,85.8,
"Dan Chisena","WR","MIN",3,"","","","","","","","","","","","","","","","","","",0,0,0,
"Devin Duvernay","WR","BAL",1,29,32,35,45,47,40,42,50,50,"",58,56,68,35,45,"","","",632,45,69.1,3
"Dee Eskridge","WR","SEA",1,5,6,12,19,25,13,30,19,39,"","","","","","","","","",168,16,26.9,
"Darrynton Evans","RB","CHI","","","","","","","","","","","",2,18,13,"",16,"","","",49,8,10.5,
"Demetric Felton Jr.","RB","CLE",4,11,12,"","","","","","","","","","",38,9,4,"","","",74,9,6.3,
"Dez Fitzpatrick","WR","TEN",3,"","","","",5,"","","","","","","","","","","","","",5,5,7.8,
"Deonte Harty","WR","NO",2,7,11,"",2,4,"","","","","","","","","","","","","",24,6,7.2,
"Darrell Henderson Jr.","RB","JAX","",55,35,24,44,37,46,"",24,28,34,4,"","","","","","","",331,33,44.7,
"Dontrell Hilliard","RB","TEN","",12,"",14,17,20,"",17,16,16,26,12,21,20,9,"","","","",200,16,25.9,4
"DeAndre Hopkins","WR","ARI",1,"","","","","","",61,78,59,64,49,49,"",64,60,71,"","",555,61,73.6,3
"Dennis Houston","WR","DAL",3,39,21,"","","","","","","","","","","","","","","","",60,30,46.2,
"DeSean Jackson","WR","BAL","","","","","","","","","",11,"","",10,25,11,20,15,18,"",110,15,25,
"Duke Johnson","RB","BUF","","","","","","","","","","",5,"","","","","","","","",5,5,6.7,
"D'Ernest Johnson","RB","CLE",3,"","","",1,"",9,"",8,"",12,"","","","",3,2,"","",35,2,3,
"Daniel Jones","QB","NYG",1,60,73,72,53,61,65,77,65,"",69,76,64,66,52,63,69,55,"",1040,65,91.6,
"Darnell Mooney","WR","CHI",1,52,37,59,53,47,66,57,68,64,53,56,18,"","","","","","",630,52,83.2,2
"Devine Ozigbo","RB","DEN","","","","","",2,"","","","","","",4,"","",5,"","","",11,2,4.2,
"Dezmon Patmon","WR","IND",3,"",24,"","","","","","","","","","","","","","","","",24,24,7,
"Dameon Pierce","RB","HOU",1,20,39,35,39,46,"",34,42,47,46,43,34,47,36,"","","","",508,39,63.7,1
"D'Vonte Price","RB","IND","","","","","","","","","","","","","","","","","","","",0,0,0,
"Drew Sample","TE","CIN","",29,10,"","","","","","","","","","","","","","","","",39,19,12.9,
"David Sills V","WR","NYG",3,27,67,45,47,26,23,24,10,"","","","",1,"","","","","",270,30,26.8,
"DJ Turner","WR","OAK",3,"","","","","","",5,5,"",2,"",2,3,4,"","","","",21,2,3.7,
"Dwayne Washington","RB","NO",4,"",4,"",2,2,3,1,13,5,4,6,1,"","","","","","",41,3,4.1,
"Darrel Williams","RB","ARI","","",40,14,16,8,"","",21,"","","","","","","","","","",99,16,16.6,
"Damien Williams","RB","ATL","",10,"","","","","","","","","","","","","","","","","",10,10,13.3,
"Ethan Fernea","WR","IND",3,"","","","","","",1,"","","","","","","","","","","",1,1,1.6,
"Feleipe Franks","TE","ATL",2,"","",1,5,30,"",1,5,4,"","","",3,"",4,1,"","",54,4,5.1,
"Greg Dulcich","TE","DEN",1,"","","","","",41,47,49,"",71,53,52,38,54,47,45,"","",497,49,75,2
"Garrett Griffin","TE","DET","","","","","","","","","","","","","","","","",10,"","",10,10,15.2,
"Gardner Minshew","QB","PHI",1,"","","","","","","",11,"","","","",9,5,"",71,55,"",151,30,12.8,
"Isaiah Hodgins","WR","NYG",1,"","","","",13,3,"","","",43,45,45,53,57,56,67,51,"",433,43,55.2,4
"Isaiah Spiller","RB","LAC",3,"","","","","","",4,"",13,10,16,8,"",2,"","","","",53,8,4.4,
"Jared Bernhardt","WR","ATL",2,"",2,7,"","","","","","","","","","","","","","","",9,4,2.4,
"Jalen Camp","WR","HOU",3,"","","","","","","","",15,"","","","",6,"","","","",21,10,11.7,
"Julius Chestnut","RB","TEN",3,"","","","","","","","","","","","",7,7,1,"",14,"",29,4,5.1,
"James Conner","RB","ARI",1,47,18,50,50,24,"","","",45,65,55,64,"",71,59,74,41,"",663,51,55,1
"Jamison Crowder","WR","BUF",2,18,19,45,11,"","","","","","","","","","","","","","",93,23,32.9,
"J.K. Dobbins","RB","BAL",1,"","",26,35,26,16,"","","","","","","",26,24,22,26,"",201,25,29.8,1
"Jacob Eason","QB","CAR",3,"","","","","",7,"","","","","","","","","","","","",7,7,7.4,
"Justin Fields","QB","CHI",1,58,41,63,62,50,72,71,76,74,61,69,"",52,"",58,58,52,"",917,61,88.7,
"Jerome Ford","RB","CLE",2,"","","","","","","","","","","","",7,"","","",7,"",14,1,1.5,
"Jody Fortson","TE","KC",3,24,6,8,23,13,14,22,"","",7,18,17,10,10,12,"","","",184,14,18.8,2
"Jake Funk","RB","IND",4,"",1,"","","","","","","","","","","","","","","","",1,0,0.3,
"Jimmy Garoppolo","QB","SF",1,"",60,56,50,66,60,69,53,"",71,51,70,8,"","","","","",614,55,55.8,
"Josh Gordon","WR","TEN","","",18,6,"","","","","","","","","","","","","","","",24,12,21.1,
"Jalen Guyton","WR","LAC","",5,8,16,"","","","","","","","","","","","","","","",29,9,14.3,
"Jacob Harris","WR","LAR","","",1,"","","","","","","","","","","","","","","","",1,0,0.2,
"Jacob Hollister","TE","OAK","","","","","","","","",1,"","","","",6,2,"","","","",9,1,2,
"J.P. Holtz","TE","NO","","","","",11,23,23,13,13,2,"","","","","","","","","",85,14,16.9,
"Jesper Horsted","TE","OAK",3,"",2,"",3,37,"",5,2,3,4,"","","","","","",1,"",57,3,5.2,
"Jordan Howard","RB","NO","","","","","","","","","",1,3,"","","","","","","","",4,2,4.1,
"Jesse James","TE","CLE","",5,13,"","","","","","","","","","","","","","","","",18,9,12.2,
"Julio Jones","WR","TB","",32,"","",18,"","","",39,30,38,"",43,52,55,"",22,22,"",351,35,28.9,2
"John Kelly Jr.","RB","CLE",3,"","","","","","","","","","","","","","","","","","",0,0,0,
"Jake Kumerow","WR","BUF","",14,53,5,"","","","",7,5,8,"","","","","","","","",92,15,15.1,
"Jarvis Landry","WR","NO","",44,46,21,38,"","","","","",37,32,32,32,"",19,"","","",301,33,34.6,1
"Jordan Love","QB","GB",2,5,"","","","",4,"","","","","",10,"","","","",7,"",26,6,2.4,
"J.D. McKissic","RB","WAS","",31,34,41,38,26,17,12,22,"","","","","","","","","","",221,27,31.4,
"Jason Moore Jr.","WR","LAC","","","","",4,15,5,18,"",8,4,"","","","","","","","",54,9,6.8,
"James Robinson","RB","NYJ",2,34,45,44,22,30,27,12,13,24,"",11,"",9,"","","","","",271,24,24.4,2
"Jonnu Smith","TE","NE",1,39,39,32,17,"",30,17,50,34,"",34,16,17,28,38,32,"","",423,30,40.2,
"Jeff Smith","WR","NYJ",3,10,10,8,7,12,8,35,13,7,"",2,"","","",29,"","","",141,12,14.3,
"Jonathan Taylor","RB","IND",1,70,37,54,58,"","",35,40,"",61,49,59,59,"",2,"","","",524,47,54.1,
"J.J. Taylor","RB","NE",4,"","","","","","","","",17,"","","","","","","","","",17,17,13.5,
"Jalen Tolbert","WR","DAL",2,"","",23,"","",3,1,25,"",8,13,4,12,"","","","","",89,11,7.7,
"Jake Tonges","TE","CHI",3,9,"",6,1,"","","","","","","","","","","","","","",16,4,2.5,
"James Washington","WR","DAL","","","","","","","","","","","","","","",11,4,"","","",15,7,5,
"Jordan Wilkins","RB","IND","","","","","","","","","",19,3,"","","","","",8,10,"",40,10,16.9,
"Javonte Williams","RB","DEN",1,38,47,33,24,"","","","","","","","","","","","","","",142,35,53.6,
"Javon Wims","WR","ARI",3,"","","","","",5,"","","","","","","","","","","","",5,5,7,
"Juwann Winfree","WR","GB","",9,"",13,"","",13,"","","","","","","","","","","","",35,11,17.9,
"Jameis Winston","QB","NO",2,61,66,69,"","","","","","","","","","","","","","","",196,65,18.6,
"John Wolford","QB","LAR","","","","","","","","","","",55,"","",63,3,"","","","",121,40,11.8,
"Kyle Allen","QB","HOU",2,"","","","","","","","","","","",61,65,"","","","","",126,63,11.9,
"Kendall Blanton","TE","LAR",4,"","",5,8,2,10,"","","","","","","","","","","","",25,6,6.8,
"Keke Coutee","WR","IND","","","","","","","","","",1,1,"","","","","","","","",2,0,0.3,
"Kaylon Geiger","WR","TB",2,"",1,4,"",4,"","","","","","","","","","","","","",9,3,4.3,
"Kylen Granson","TE","IND",2,51,27,30,30,38,31,21,32,26,30,25,"",41,"",26,"","","",408,31,35.4,
"KJ Hamler","WR","DEN",2,40,"",19,4,39,33,46,43,"","","","","","","","","","",224,32,30.3,
"Kevin Harris","RB","NE",5,"","","","","",12,"","","","","","",1,29,"","","","",42,10,7.1,
"Kylin Hill","RB","GB","","","","","","","","","",1,"","","","","","","","","",1,0,0.7,
"Kendall Hinton","WR","DEN",2,"",55,32,30,"",12,7,1,"",77,56,55,41,62,"","",33,"",461,38,46.2,
"Kwamie Lassiter II","WR","CIN",3,"","","","","","","","","","","",8,"","","","","","",8,8,11.4,
"Kyric McGowan","WR","WAS",2,"","","","","","",1,9,"","","","","","","","","","",10,5,7.4,
"Kirk Merritt","WR","NO",2,"","","","","","","","","","","","",11,"","",3,17,"",31,7,10.4,
"Kyler Murray","QB","ARI",1,57,87,83,76,69,71,66,78,63,"","",66,"",3,"","","","",719,65,76.7,
"Kyle Philips","WR","TEN",1,30,13,"",2,18,"","","","","","","","","","","","","",63,16,18,
"Kyle Pitts","TE","ATL",1,63,57,38,34,"",33,37,50,42,56,24,"","","","","","","",434,43,65.3,2
"KaVontae Turpin","WR","DAL",2,2,5,8,5,3,2,6,6,"",2,6,2,5,1,2,5,2,"",62,3,5.3,
"Kevin White","WR","NO","","","","","","",12,21,30,18,31,1,18,"","","","","","",131,18,31.2,
"Kyren Williams","RB","LAR",2,"","","","","","","","","",16,35,38,18,19,4,8,3,"",141,14,23.8,
"Lynn Bowden Jr.","WR","NE",2,"","","","","","","","",14,"","","","","","","","","",14,14,22.2,
"Lil'Jordan Humphrey","WR","NE","",3,26,54,31,14,"","","","","","","","","","","","","",128,21,33.8,
"Lamar Jackson","QB","BAL",1,56,59,60,70,65,59,64,76,68,"",69,72,10,"","","","","",728,60,66.4,
"Lucas Krull","TE","NO",5,"","","","","","","","","","","","",11,"","","","","",11,11,18.6,
"Maurice Alexander","WR","DET",3,"","","",2,1,"",3,1,"","","","","","","","","","",7,1,2.7,
"Mark Andrews","TE","BAL",1,47,49,54,66,62,54,56,10,"","",64,61,61,54,58,42,49,"",787,52,71.8,5
"Michael Bandy","WR","LAC","","","","",20,5,5,42,"",55,49,8,2,17,2,"","","","",205,20,20.7,
"Mike Boone","RB","DEN",3,3,7,14,19,30,21,9,"","","","","",12,11,"","","","",126,14,21,
"Malcolm Brown","RB","LAR","","","","",2,8,16,"",13,16,"","","","",18,7,7,8,"",95,8,14.2,
"Mike Davis","RB","BAL","",7,18,1,2,5,5,"","",3,"",1,"","","","","","","",42,5,5.3,
"Mike Evans","WR","TB",1,45,41,"",58,67,69,59,68,74,55,"",62,67,66,60,75,65,"",931,62,80.9,6
"Miller Forristall","TE","CLE",4,"","",4,9,"","","",2,"",1,"","","","","","","","",16,4,4.6,
"Myles Gaskin","RB","MIA","","","","","",13,"","","","","","",26,"","","","","","",39,9,4.2,
"Marquise Goodwin","WR","SEA",2,28,26,30,29,"",31,38,25,"",41,"",29,25,41,38,39,"","",420,32,44.2,4
"Melvin Gordon III","RB","DEN","",27,23,28,10,41,9,40,34,"",43,29,"","","","","","","",284,28,41.8,
"Mecole Hardman","WR","KC",1,39,31,43,37,29,30,40,"",54,"","","","","","","","","",303,37,43.6,4
"Mark Ingram II","RB","NO","",20,25,23,29,17,24,20,5,"","","",17,25,"","","","","",205,20,23.6,
"Marcus Kemp","WR","KC",3,"","","","","","",6,"","","",4,"","","","","","","",10,3,4.4,
"Mason Kinsey","WR","TEN",2,"","","","","","",13,"","","","","","","","","","","",13,6,10.7,
"Marlon Mack","RB","DEN","","","","","","","","","","","","",6,5,23,20,10,"","",64,8,8.3,1
"Marcus Mariota","QB","ATL",2,75,61,57,55,66,58,47,67,61,63,55,57,54,"","","","","",776,59,100,
"Matt Ryan","QB","IND","",92,48,71,66,79,81,64,"","",65,65,64,72,"",79,"","","",846,70,73.5,
"Mason Schreck","TE","HOU",5,"","","","",24,"","","","","","","","","",10,"","","",34,17,29.8,
"Matthew Slater","WR","NE",3,"",3,"","",2,2,"",3,"","","","","",2,"","",2,"",14,0,1.3,
"Matthew Stafford","QB","LAR",1,67,62,48,74,65,65,"",58,57,"",38,"","","","","","","",534,59,79.1,
"Michael Thomas","WR","NO",1,37,52,47,"","","","","","","","","","","","","","","",136,45,25,3
"Mike Thomas","WR","CIN",3,69,1,9,4,45,4,13,24,22,"",7,"","","","","","","",198,19,29,
"Mitch Trubisky","QB","PIT",2,63,59,59,33,"",27,"","","","","","","",47,68,"","","",356,50,30.7,
"Malik Turner","WR","SF",3,1,"","","","","","","","","","","","","","","","","",1,0,0.5,
"Montrell Washington","WR","DEN",3,"",12,14,3,4,3,3,3,"",7,6,7,8,4,1,3,"","",78,5,6.9,
"Mike White","QB","NYJ",2,"","","","","","","","","","","",63,85,67,"","",70,"",285,71,25.6,
"Malik Willis","QB","TEN",2,"",17,"","","","",3,58,51,1,"","",10,"",10,61,"","",211,26,20.4,
"Nick Boyle","TE","BAL","","","",4,"","",5,9,7,16,"",3,10,"","",1,6,"","",61,5,6,
"Nico Collins","WR","HOU",1,47,42,40,45,47,"",30,"","",50,48,46,47,"","","","","",442,44,51.3,2
"Nick Foles","QB","IND",2,"",2,"","","","","","","","","","","","","",52,29,"",83,27,7.2,
"Nick Muse","TE","MIN",4,"","","","","","","","","","","","","","","","","","",0,0,0,
"Nate Sudfeld","QB","DET",2,"","","","","","","","","","","","",2,"","","",7,"",9,4,0.8,
"Noah Togiai","TE","PHI",5,11,1,"","","","","","","","","","","","","","","","",12,6,8,
"Nsimba Webster","WR","CHI",2,"","","","","","","","","","","","","","",10,"","","",10,5,8.2,
"O.J. Howard","TE","HOU",2,12,18,18,43,46,"",29,27,26,33,14,12,"",16,"","",19,"",313,24,29.4,2
"Phillip Dorsett","WR","HOU",2,4,"",13,11,11,"",35,45,46,28,14,26,46,54,54,39,39,"",465,31,43.7,1
"Penny Hart","WR","SEA","","",1,6,2,1,"","","",1,3,"","","","",2,18,"","",34,3,3.1,
"Phillip Lindsay","RB","IND","","","","","",30,27,"","",9,"","","","","","","","","",66,22,29.7,
"Patrick Taylor","RB","GB",3,"","","","","",1,"","","","","","",6,"",9,5,12,"",33,2,3.7,
"PJ Walker","QB","CAR",2,"","","","",9,37,50,80,18,66,"","","","","","","","",260,43,25.6,
"Quintez Cephus","WR","DET",2,2,6,10,33,"","","","","","","","","","","","","","",51,12,18.1,
"Qadree Ollison","RB","DAL","","","","","","","","",2,"","","","","","","","","","",2,0,0.9,
"Chosen Anderson","WR","ARI","",53,54,51,50,53,23,13,7,52,8,33,28,"",23,24,5,17,"",494,30,45.2,1
"Rashod Bateman","WR","BAL",1,37,36,37,31,"","",36,13,"","","","","","","","","","",190,31,37.3,2
"Roger Carter Jr.","TE","LAR","","","","","","","","","","","","",1,"","","","","","",1,1,1.9,
"Rico Dowdle","RB","DAL",3,"",1,2,"",3,"","","","","","","","","","","","","",6,1,1.9,
"Ross Dwelley","TE","SF",3,19,28,4,5,4,"",11,19,"","",4,6,"","",1,"","","",101,8,9.2,1
"Rashard Higgins","WR","CAR","","","",6,3,"","","","","","","","","","","","","","",9,3,0.9,
"Richie James","WR","NYG","",42,31,53,21,33,22,7,4,"","",17,45,34,58,50,57,50,"",524,30,46.2,4
"Rondale Moore","WR","ARI",1,"","","",65,63,70,59,77,57,66,2,"","","","","","","",459,57,48.9,1
"Rashaad Penny","RB","SEA",3,38,20,49,48,15,"","","","","","","","","","","","","",170,34,57.2,
"Ronnie Rivers","RB","LAR",3,"","","","","",3,"",21,"","","","","","","",1,"","",25,3,4.3,
"Richard Rodgers","TE","LAC","",2,7,3,10,"","",12,"",15,13,21,7,6,"","","","","",96,9,11.4,
"Ryan Tannehill","QB","TEN",1,65,39,58,54,64,"",58,"","",61,66,57,45,67,52,"","","",686,57,76.6,
"Raleigh Webb","WR","NE",2,"","","","","","","","","","",1,"","","","","","","",1,0,0.1,
"Saquon Barkley","RB","NYG",1,50,61,66,61,42,57,62,52,"",55,58,47,58,20,54,63,50,"",856,53,75.4,
"Stanley Berryhill","WR","DET",9,"","","","","","","","",1,2,3,"","","","","","","",6,1,2.4,
"Spencer Brown","RB","CAR",3,"","","","","","","",18,13,"","","","","","","","","",31,15,24,
"Simi Fehoko","WR","DAL",2,16,6,3,10,1,"","","","","","","","","","","","","",36,7,11.6,
"Sony Michel","RB","LAC","",16,9,14,17,2,30,13,"",11,8,5,"","","","","","","",125,12,11.8,
"Skyy Moore","WR","KC",1,13,2,8,22,25,20,14,"",26,16,27,35,23,27,29,11,15,"",313,19,27.2,
"Sterling Shepard","WR","NYG",2,43,64,58,"","","","","","","","","","","","","","","",165,55,80.5,1
"Scotty Washington","TE","NE",4,"","","","","","","","","","","","","","","",22,"","",22,22,39.3,
"Trinity Benson","WR","DET",2,"","","","","","","","","",13,"","","","","","","","",13,13,21,
"Teddy Bridgewater","QB","MIA","","","",3,39,1,54,"","","","","","","","","","",44,"",141,28,13.3,
"Trenton Cannon","RB","TEN","","","","","","","","","","","","","","","","","","","",0,0,0,
"Tyrie Cleveland","WR","DEN",2,8,31,"","",10,"","","","",27,"","","","","","","","",76,12,12.3,
"Tevin Coleman","RB","SF","","","","",1,19,12,"","","","","","","","","","","","",32,6,10,1
"Tanner Conner","TE","MIA",3,"",1,1,2,7,8,2,2,"","","","",2,"","","","","",25,1,2.4,
"Tanner Gentry","WR","BUF","","","","","",11,"","","","","",7,2,"","","","","","",20,6,10.1,
"Taylor Heinicke","QB","WAS",2,"","","","","","",74,61,64,83,68,62,85,"",63,54,"","",614,68,51.6,
"Travis Homer","RB","SEA",3,19,22,2,"","","","",14,21,8,"",13,"",49,16,1,"","",165,16,21.7,1
"Tanner Hudson","TE","NYG",2,19,27,27,37,27,8,30,47,"",11,12,14,"","","","","","",259,23,34.7,
"Tyler Huntley","QB","BAL",2,"","","","","","","","","","","",1,62,38,63,52,52,"",268,44,24.5,
"Tyree Jackson","TE","PHI","","","","","","","","","","","",9,5,8,9,3,"","","",34,6,9.4,
"Tyler Johnson","WR","HOU",4,"","","",4,25,"","","","","","","","","","","","","",29,14,7.8,
"Tyron Johnson","WR","HOU",3,3,"","",1,"","","",5,25,"","","","","","","","","",34,8,7.6,
"Taiwan Jones","RB","BUF","","","","","","","","","","","","","","","","","","","",0,0,0,
"Tony Jones Jr.","RB","SEA",3,1,34,"","","","","","","","","","",23,5,"","","","",63,10,7.5,
"Tom Kennedy","WR","DET",3,"","","",60,35,"",30,"",41,38,19,4,"","","","","","",227,32,34,
"Trey Lance","QB","SF",2,68,16,"","","","","","","","","","","","","","","","",84,42,58.3,
"Tay Martin","WR","SF",2,"","","","","","","",1,"","","","","","","","","","",1,0,0.8,
"Ty Montgomery","WR","NE",3,21,"","","","","","","","","","","","","","","","","",21,21,36.8,1
"Trey Sermon","RB","PHI",4,"","","",5,3,"","","","","","","","","","","","","",8,4,0.7,
"Trevor Siemian","QB","CHI","","","","","","","","",3,"","","",57,"","","","","","",60,30,7.9,
"Tommy Sweeney","TE","BUF","",10,"","","",23,8,"","","","","","",22,5,"","","","",68,13,6.3,
"Tua Tagovailoa","QB","MIA",1,60,71,40,25,"","",62,68,57,62,"",55,45,51,59,50,"","",705,54,66.7,
"Tyrod Taylor","QB","NYG",2,"","","",12,"","","","","","","","","",12,"","",8,"",32,10,2.8,
"Trent Taylor","WR","CIN",2,14,"",2,2,1,3,13,7,26,"",10,11,5,52,1,1,"","",148,9,13.4,
"Trayveon Williams","RB","CIN",2,"","","","","","","","","","",8,14,11,2,"",1,"","",36,4,3.3,
"Will Dissly","TE","SEA",2,37,23,43,51,33,44,54,50,43,22,"",48,35,21,37,28,"","",569,37,59.8,3
"Wan'Dale Robinson","WR","NYG",1,9,"","","","",15,53,45,"",52,55,"","","","","","","",229,38,33.5,1
"Willie Snead IV","WR","SF",8,"","","","","",5,"",21,"","","","","","",3,1,"","",30,7,10.8,
"Zach Ertz","TE","ARI",1,39,73,77,62,64,68,53,69,61,9,"","","","","","","","",575,57,72.1,4
"Zach Wilson","QB","NYJ",1,"","","",70,59,55,59,59,60,"",50,"","","",63,29,"","",504,56,45.2,1